Source,BGC,SS_NoSpace,Edatopic,Use
BECv10,BAFAun,BAFAun/00,B2,B2
BECv10,BAFAun,BAFAun/00,C4,C4
BECv10,BAFAun,BAFAun/00,D6,D6
BECv10,BAFAunp,BAFAunp/00,B2,B2
BECv10,BAFAunp,BAFAunp/00,C4,C4
BECv10,BAFAunp,BAFAunp/00,D6,D6
USA_2019,BGdh_OR,BGdh_OR/111,D6,D6
USA_2019,BGdh_OR,BGdh_OR/Gg1,B2,B2
USA_2019,BGdh_OR,BGdh_OR/Gg2,C4,C4
USA_2019,BGdw_WA,BGdw_WA/111,D6,D6
USA_2019,BGdw_WA,BGdw_WA/Gg,B2,B2
USA_2019,BGdw_WA,BGdw_WA/Gg,C4,C4
USA_2019,BGmk_MT,BGmk_MT/111,D6,D6
USA_2019,BGmk_MT,BGmk_MT/Gg1,B2,B2
USA_2019,BGmk_MT,BGmk_MT/Gg2,C4,C4
USA_2019,BGmm_MT,BGmm_MT/111,D6,D6
USA_2019,BGmm_MT,BGmm_MT/Gg1,B2,B2
USA_2019,BGmm_MT,BGmm_MT/Gg2,C4,C4
USA_2019,BGmw_WA,BGmw_WA/111,D6,D6
USA_2019,BGmw_WA,BGmw_WA/Gg,B2,B2
USA_2019,BGmw_WA,BGmw_WA/Gg,C4,C4
USA_2019,BGwm_WA,BGwm_WA/111,D6,D6
USA_2019,BGwm_WA,BGwm_WA/Gg,B2,B2
USA_2019,BGwm_WA,BGwm_WA/Gg,C4,C4
USA_2019,BGxh_WA,BGxh_WA/111,D6,D6
USA_2019,BGxh_WA,BGxh_WA/Gg1,B2,B2
USA_2019,BGxh_WA,BGxh_WA/Gg2,C4,C4
BECv10,BGxh1,BGxh1/06,D6,D6
BECv10,BGxh1,BGxh1/Gg,B2,B2
BECv10,BGxh1,BGxh1/Gg,C4,C4
BECv10,BGxh2,BGxh2/07,D6,D6
BECv10,BGxh2,BGxh2/Gg,B2,B2
BECv10,BGxh2,BGxh2/Gs,C4,C4
BECv10,BGxh3,BGxh3/112,D6,D6
BECv10,BGxh3,BGxh3/Gg,B2,B2
BECv10,BGxh3,BGxh3/Gg,C4,C4
BECv10,BGxw1,BGxw1/01,C4,C4
BECv10,BGxw1,BGxw1/04,B2,B2
BECv10,BGxw1,BGxw1/08,D6,D6
BECv10,BGxw2,BGxw2/115,D6,D6
BECv10,BGxw2,BGxw2/Gg,B2,B2
BECv10,BGxw2,BGxw2/Gg,C4,C4
AB_2018,BSJPap,BSJPap/a,B2,B2
AB_2018,BSJPap,BSJPap/b,C4,C4
AB_2018,BSJPap,BSJPap/e,D6,D6
AB_2018,BSJPku,BSJPku/a,B2,B2
AB_2018,BSJPku,BSJPku/b,C4,C4
AB_2018,BSJPku,BSJPku/e,D6,D6
AB_2018,BSJPpa,BSJPpa/a,B2,B2
AB_2018,BSJPpa,BSJPpa/b,C4,C4
AB_2018,BSJPpa,BSJPpa/e,D6,D6
AB_2018,BWBScm,BWBScm/a,B2,B2
AB_2018,BWBScm,BWBScm/d,C4,C4
AB_2018,BWBScm,BWBScm/f,D6,D6
BECv10,BWBSdk,BWBSdk/101,C4,C4
BECv10,BWBSdk,BWBSdk/102,B2,B2
BECv10,BWBSdk,BWBSdk/110,D6,D6
AB_2018,BWBSdm,BWBSdm/a,B2,B2
AB_2018,BWBSdm,BWBSdm/d,C4,C4
AB_2018,BWBSdm,BWBSdm/f,D6,D6
AB_2018,BWBSlb,BWBSlb/a,B2,B2
AB_2018,BWBSlb,BWBSlb/d,C4,C4
AB_2018,BWBSlb,BWBSlb/f,D6,D6
AB_2018,BWBSlf,BWBSlf/b,B2,B2
AB_2018,BWBSlf,BWBSlf/e,C4,C4
AB_2018,BWBSlf,BWBSlf/i,D6,D6
BECv10,BWBSmk,BWBSmk/101,C4,C4
BECv10,BWBSmk,BWBSmk/102,B2,B2
BECv10,BWBSmk,BWBSmk/110,D6,D6
BECv10,BWBSmw,BWBSmw/101,C4,C4
BECv10,BWBSmw,BWBSmw/102,B2,B2
BECv10,BWBSmw,BWBSmw/111,D6,D6
AB_2018,BWBSnm,BWBSnm/b,B2,B2
AB_2018,BWBSnm,BWBSnm/d,C4,C4
AB_2018,BWBSnm,BWBSnm/f,D6,D6
AB_2018,BWBSpp,BWBSpp/a,B2,B2
AB_2018,BWBSpp,BWBSpp/d,C4,C4
AB_2018,BWBSpp,BWBSpp/f,D6,D6
AB_2018,BWBSub,BWBSub/a,B2,B2
AB_2018,BWBSub,BWBSub/d,C4,C4
AB_2018,BWBSub,BWBSub/f,D6,D6
AB_2018,BWBSuf,BWBSuf/b,B2,B2
AB_2018,BWBSuf,BWBSuf/e,C4,C4
AB_2018,BWBSuf,BWBSuf/j,D6,D6
BECv10,BWBSvk,BWBSvk/d,B2,B2
BECv10,BWBSvk,BWBSvk/h,D6,D6
BECv10,BWBSvk,BWBSvk/m,C4,C4
BECv10,BWBSwk1,BWBSwk1/101,C4,C4
BECv10,BWBSwk1,BWBSwk1/102,B2,B2
BECv10,BWBSwk1,BWBSwk1/110,D6,D6
BECv10,BWBSwk2,BWBSwk2/101,C4,C4
BECv10,BWBSwk2,BWBSwk2/102,B2,B2
BECv10,BWBSwk2,BWBSwk2/111,D6,D6
BECv10,BWBSwk3,BWBSwk3/101,C4,C4
BECv10,BWBSwk3,BWBSwk3/102,B2,B2
BECv10,BWBSwk3,BWBSwk3/110,D6,D6
USA_2019,CCHun_CA,CCHun_CA/101,C4,C4
USA_2019,CCHun_CA,CCHun_CA/111,D6,D6
USA_2019,CCHun_CA,CCHun_CA/Gs,B2,B2
BECv10,CDFmm,CDFmm/01,B2,B2
BECv10,CDFmm,CDFmm/01,C4,C4
BECv10,CDFmm,CDFmm/06,D6,D6
USA_2019,CDFmm_OR,CDFmm_OR/101,C4,C4
USA_2019,CDFmm_OR,CDFmm_OR/103,B2,B2
USA_2019,CDFmm_OR,CDFmm_OR/113,D6,D6
USA_2019,CDFmm_WA,CDFmm_WA/101,C4,C4
USA_2019,CDFmm_WA,CDFmm_WA/103,B2,B2
USA_2019,CDFmm_WA,CDFmm_WA/113,D6,D6
USA_2019,CDFxm_CA,CDFxm_CA/101,C4,C4
USA_2019,CDFxm_CA,CDFxm_CA/103,B2,B2
USA_2019,CDFxm_CA,CDFxm_CA/113,D6,D6
BECv10,CMAun,CMAun/00,B2,B2
BECv10,CMAun,CMAun/00,C4,C4
BECv10,CMAun,CMAun/00,D6,D6
USA_2019,CMAun_CA,CMAun_CA/00,B2,B2
USA_2019,CMAun_CA,CMAun_CA/00,C4,C4
USA_2019,CMAun_CA,CMAun_CA/00,D6,D6
USA_2019,CMAun_OR,CMAun_OR/00,B2,B2
USA_2019,CMAun_OR,CMAun_OR/00,C4,C4
USA_2019,CMAun_OR,CMAun_OR/00,D6,D6
USA_2019,CMAun_WA,CMAun_WA/00,B2,B2
USA_2019,CMAun_WA,CMAun_WA/00,C4,C4
USA_2019,CMAun_WA,CMAun_WA/00,D6,D6
BECv10,CMAunp,CMAunp/00,B2,B2
BECv10,CMAunp,CMAunp/00,C4,C4
BECv10,CMAunp,CMAunp/00,D6,D6
BECv10,CMAwh,CMAwh/00,B2,B2
BECv10,CMAwh,CMAwh/00,C4,C4
BECv10,CMAwh,CMAwh/00,D6,D6
USA_2019,CMXdm_OR,CMXdm_OR/101,C4,C4
USA_2019,CMXdm_OR,CMXdm_OR/103,B2,B2
USA_2019,CMXdm_OR,CMXdm_OR/113,D6,D6
USA_2019,CMXwm_OR,CMXwm_OR/101,C4,C4
USA_2019,CMXwm_OR,CMXwm_OR/103,B2,B2
USA_2019,CMXwm_OR,CMXwm_OR/113,D6,D6
USA_2019,CMXxm_CA,CMXxm_CA/101,C4,C4
USA_2019,CMXxm_CA,CMXxm_CA/103,B2,B2
USA_2019,CMXxm_CA,CMXxm_CA/113,D6,D6
USA_2019,CRFdh_CA,CRFdh_CA/101,C4,C4
USA_2019,CRFdh_CA,CRFdh_CA/103,B2,B2
USA_2019,CRFdh_CA,CRFdh_CA/111,D6,D6
USA_2019,CVGdm_CA,CVGdm_CA/111,D6,D6
USA_2019,CVGdm_CA,CVGdm_CA/Gg,B2,B2
USA_2019,CVGdm_CA,CVGdm_CA/Gg,C4,C4
USA_2019,CWFds_CA,CWFds_CA/101,C4,C4
USA_2019,CWFds_CA,CWFds_CA/102,B2,B2
USA_2019,CWFds_CA,CWFds_CA/110,D6,D6
USA_2019,CWFmm_OR,CWFmm_OR/101,C4,C4
USA_2019,CWFmm_OR,CWFmm_OR/103,B2,B2
USA_2019,CWFmm_OR,CWFmm_OR/113,D6,D6
USA_2019,CWFwm_OR,CWFwm_OR/101,C4,C4
USA_2019,CWFwm_OR,CWFwm_OR/103,B2,B2
USA_2019,CWFwm_OR,CWFwm_OR/113,D6,D6
BECv10,CWHdm,CWHdm/01,C4,C4
BECv10,CWHdm,CWHdm/03,B2,B2
BECv10,CWHdm,CWHdm/07,D6,D6
USA_2019,CWHdm_OR,CWHdm_OR/101,C4,C4
USA_2019,CWHdm_OR,CWHdm_OR/103,B2,B2
USA_2019,CWHdm_OR,CWHdm_OR/113,D6,D6
USA_2019,CWHdm_WA,CWHdm_WA/101,C4,C4
USA_2019,CWHdm_WA,CWHdm_WA/103,B2,B2
USA_2019,CWHdm_WA,CWHdm_WA/113,D6,D6
USA_2019,CWHds_WA,CWHds_WA/101,C4,C4
USA_2019,CWHds_WA,CWHds_WA/103,B2,B2
USA_2019,CWHds_WA,CWHds_WA/113,D6,D6
BECv10,CWHds1,CWHds1/01,C4,C4
BECv10,CWHds1,CWHds1/03,B2,B2
BECv10,CWHds1,CWHds1/07,D6,D6
BECv10,CWHds2,CWHds2/01,C4,C4
BECv10,CWHds2,CWHds2/03,B2,B2
BECv10,CWHds2,CWHds2/07,D6,D6
USA_2019,CWHmh_OR,CWHmh_OR/101,C4,C4
USA_2019,CWHmh_OR,CWHmh_OR/103,B2,B2
USA_2019,CWHmh_OR,CWHmh_OR/113,D6,D6
BECv10,CWHmm1,CWHmm1/01,C4,C4
BECv10,CWHmm1,CWHmm1/03,B2,B2
BECv10,CWHmm1,CWHmm1/07,D6,D6
BECv10,CWHmm2,CWHmm2/01,C4,C4
BECv10,CWHmm2,CWHmm2/03,B2,B2
BECv10,CWHmm2,CWHmm2/08,D6,D6
USA_2019,CWHms_OR,CWHms_OR/101,C4,C4
USA_2019,CWHms_OR,CWHms_OR/103,B2,B2
USA_2019,CWHms_OR,CWHms_OR/113,D6,D6
USA_2019,CWHms_WA,CWHms_WA/101,C4,C4
USA_2019,CWHms_WA,CWHms_WA/103,B2,B2
USA_2019,CWHms_WA,CWHms_WA/113,D6,D6
BECv10,CWHms1,CWHms1/01,C4,C4
BECv10,CWHms1,CWHms1/03,B2,B2
BECv10,CWHms1,CWHms1/06,D6,D6
BECv10,CWHms2,CWHms2/01,C4,C4
BECv10,CWHms2,CWHms2/03,B2,B2
BECv10,CWHms2,CWHms2/06,D6,D6
USA_2019,CWHvh_WA,CWHvh_WA/101,C4,C4
USA_2019,CWHvh_WA,CWHvh_WA/103,B2,B2
USA_2019,CWHvh_WA,CWHvh_WA/113,D6,D6
BECv10,CWHvh1,CWHvh1/01,C4,C4
BECv10,CWHvh1,CWHvh1/03,B2,B2
BECv10,CWHvh1,CWHvh1/07,D6,D6
BECv10,CWHvh2,CWHvh2/01,C4,C4
BECv10,CWHvh2,CWHvh2/03,B2,B2
BECv10,CWHvh2,CWHvh2/07,D6,D6
BECv10,CWHvh3,CWHvh3/101,C4,C4
BECv10,CWHvh3,CWHvh3/102,B2,B2
BECv10,CWHvh3,CWHvh3/117,D6,D6
USA_2019,CWHvm_OR,CWHvm_OR/101,C4,C4
USA_2019,CWHvm_OR,CWHvm_OR/103,B2,B2
USA_2019,CWHvm_OR,CWHvm_OR/113,D6,D6
USA_2019,CWHvm_WA,CWHvm_WA/101,C4,C4
USA_2019,CWHvm_WA,CWHvm_WA/103,B2,B2
USA_2019,CWHvm_WA,CWHvm_WA/113,D6,D6
BECv10,CWHvm1,CWHvm1/01,C4,C4
BECv10,CWHvm1,CWHvm1/03,B2,B2
BECv10,CWHvm1,CWHvm1/08,D6,D6
BECv10,CWHvm2,CWHvm2/01,C4,C4
BECv10,CWHvm2,CWHvm2/03,B2,B2
BECv10,CWHvm2,CWHvm2/08,D6,D6
USA_2019,CWHwh_WA,CWHwh_WA/101,C4,C4
USA_2019,CWHwh_WA,CWHwh_WA/103,B2,B2
USA_2019,CWHwh_WA,CWHwh_WA/113,D6,D6
BECv10,CWHwh1,CWHwh1/101,C4,C4
BECv10,CWHwh1,CWHwh1/102,B2,B2
BECv10,CWHwh1,CWHwh1/116,D6,D6
BECv10,CWHwh2,CWHwh2/101,B2,B2
BECv10,CWHwh2,CWHwh2/101,C4,C4
BECv10,CWHwh2,CWHwh2/112,D6,D6
BECv10,CWHwm,CWHwm/01,C4,C4
BECv10,CWHwm,CWHwm/02,B2,B2
BECv10,CWHwm,CWHwm/04,D6,D6
BECv10,CWHws1,CWHws1/01,C4,C4
BECv10,CWHws1,CWHws1/03,B2,B2
BECv10,CWHws1,CWHws1/06,D6,D6
BECv10,CWHws2,CWHws2/01,C4,C4
BECv10,CWHws2,CWHws2/03,B2,B2
BECv10,CWHws2,CWHws2/06,D6,D6
USA_2019,CWHxm_OR,CWHxm_OR/101,C4,C4
USA_2019,CWHxm_OR,CWHxm_OR/103,B2,B2
USA_2019,CWHxm_OR,CWHxm_OR/113,D6,D6
USA_2019,CWHxm_WA,CWHxm_WA/101,C4,C4
USA_2019,CWHxm_WA,CWHxm_WA/103,B2,B2
USA_2019,CWHxm_WA,CWHxm_WA/113,D6,D6
BECv10,CWHxm1,CWHxm1/01,C4,C4
BECv10,CWHxm1,CWHxm1/03,B2,B2
BECv10,CWHxm1,CWHxm1/07,D6,D6
BECv10,CWHxm2,CWHxm2/01,C4,C4
BECv10,CWHxm2,CWHxm2/03,B2,B2
BECv10,CWHxm2,CWHxm2/07,D6,D6
AB_2018,ESSFab,ESSFab/b,B2,B2
AB_2018,ESSFab,ESSFab/d,C4,C4
AB_2018,ESSFab,ESSFab/g,D6,D6
BECv10,ESSFdc1,ESSFdc1/101,C4,C4
BECv10,ESSFdc1,ESSFdc1/102,B2,B2
BECv10,ESSFdc1,ESSFdc1/111,D6,D6
BECv10,ESSFdc2,ESSFdc2/01,C4,C4
BECv10,ESSFdc2,ESSFdc2/04,B2,B2
BECv10,ESSFdc2,ESSFdc2/08,D6,D6
BECv10,ESSFdc3,ESSFdc3/01,C4,C4
BECv10,ESSFdc3,ESSFdc3/04,B2,B2
BECv10,ESSFdc3,ESSFdc3/08,D6,D6
BECv10,ESSFdcp,ESSFdcp/00,B2,B2
BECv10,ESSFdcp,ESSFdcp/00,C4,C4
BECv10,ESSFdcp,ESSFdcp/00,D6,D6
BECv10,ESSFdcw,ESSFdcw/101,C4,C4
BECv10,ESSFdcw,ESSFdcw/102,B2,B2
BECv10,ESSFdcw,ESSFdcw/110,D6,D6
USA_2019,ESSFdh_WA,ESSFdh_WA/101,C4,C4
USA_2019,ESSFdh_WA,ESSFdh_WA/103,B2,B2
USA_2019,ESSFdh_WA,ESSFdh_WA/111,D6,D6
USA_2019,ESSFdk_MT,ESSFdk_MT/101,C4,C4
USA_2019,ESSFdk_MT,ESSFdk_MT/102,B2,B2
USA_2019,ESSFdk_MT,ESSFdk_MT/111,D6,D6
BECv11,ESSFdk1,ESSFdk1/101,C4,C4
BECv11,ESSFdk1,ESSFdk1/103,B2,B2
BECv11,ESSFdk1,ESSFdk1/111,D6,D6
BECv11,ESSFdk2,ESSFdk2/101,C4,C4
BECv11,ESSFdk2,ESSFdk2/103,B2,B2
BECv11,ESSFdk2,ESSFdk2/112,D6,D6
BECv10,ESSFdkp,ESSFdkp/00,B2,B2
BECv10,ESSFdkp,ESSFdkp/00,C4,C4
BECv10,ESSFdkp,ESSFdkp/00,D6,D6
USA_2019,ESSFdkp_MT,ESSFdkp_MT/00,B2,B2
USA_2019,ESSFdkp_MT,ESSFdkp_MT/00,C4,C4
USA_2019,ESSFdkp_MT,ESSFdkp_MT/00,D6,D6
BECv11,ESSFdkw,ESSFdkw/101,C4,C4
BECv11,ESSFdkw,ESSFdkw/103,B2,B2
BECv11,ESSFdkw,ESSFdkw/110,D6,D6
USA_2019,ESSFdm_ID,ESSFdm_ID/101,C4,C4
USA_2019,ESSFdm_ID,ESSFdm_ID/103,B2,B2
USA_2019,ESSFdm_ID,ESSFdm_ID/111,D6,D6
USA_2019,ESSFdmp_ID,ESSFdmp_ID/00,B2,B2
USA_2019,ESSFdmp_ID,ESSFdmp_ID/00,C4,C4
USA_2019,ESSFdmp_ID,ESSFdmp_ID/00,D6,D6
BECv10,ESSFdv1,ESSFdv1/01,C4,C4
BECv10,ESSFdv1,ESSFdv1/03,B2,B2
BECv10,ESSFdv1,ESSFdv1/05,D6,D6
BECv10,ESSFdv2,ESSFdv2/01,C4,C4
BECv10,ESSFdv2,ESSFdv2/03,B2,B2
BECv10,ESSFdv2,ESSFdv2/05,D6,D6
BECv10,ESSFdvp,ESSFdvp/00,B2,B2
BECv10,ESSFdvp,ESSFdvp/00,C4,C4
BECv10,ESSFdvp,ESSFdvp/00,D6,D6
BECv10,ESSFdvw,ESSFdvw/01,C4,C4
BECv10,ESSFdvw,ESSFdvw/03,B2,B2
BECv10,ESSFdvw,ESSFdvw/05,D6,D6
BECv10,ESSFmc,ESSFmc/01,C4,C4
BECv10,ESSFmc,ESSFmc/03,B2,B2
BECv10,ESSFmc,ESSFmc/07,D6,D6
BECv10,ESSFmcp,ESSFmcp/00,B2,B2
BECv10,ESSFmcp,ESSFmcp/00,C4,C4
BECv10,ESSFmcp,ESSFmcp/00,D6,D6
BECv10,ESSFmh,ESSFmh/101,C4,C4
BECv10,ESSFmh,ESSFmh/103,B2,B2
BECv10,ESSFmh,ESSFmh/111,D6,D6
BECv10,ESSFmk,ESSFmk/01,C4,C4
BECv10,ESSFmk,ESSFmk/02,B2,B2
BECv10,ESSFmk,ESSFmk/05,D6,D6
BECv10,ESSFmkp,ESSFmkp/00,B2,B2
BECv10,ESSFmkp,ESSFmkp/00,C4,C4
BECv10,ESSFmkp,ESSFmkp/00,D6,D6
BECv10,ESSFmm1,ESSFmm1/01,C4,C4
BECv10,ESSFmm1,ESSFmm1/03,B2,B2
BECv10,ESSFmm1,ESSFmm1/06,D6,D6
BECv10,ESSFmm2,ESSFmm2/01,C4,C4
BECv10,ESSFmm2,ESSFmm2/03,B2,B2
BECv10,ESSFmm2,ESSFmm2/05,D6,D6
BECv11,ESSFmm3,ESSFmm3/101,C4,C4
BECv11,ESSFmm3,ESSFmm3/103,B2,B2
BECv11,ESSFmm3,ESSFmm3/111,D6,D6
BECv10,ESSFmmp,ESSFmmp/00,B2,B2
BECv10,ESSFmmp,ESSFmmp/00,C4,C4
BECv10,ESSFmmp,ESSFmmp/00,D6,D6
BECv10,ESSFmmw,ESSFmmw/01,C4,C4
BECv10,ESSFmmw,ESSFmmw/03,B2,B2
BECv10,ESSFmmw,ESSFmmw/06,D6,D6
BECv10,ESSFmv1,ESSFmv1/01,C4,C4
BECv10,ESSFmv1,ESSFmv1/02,B2,B2
BECv10,ESSFmv1,ESSFmv1/04,D6,D6
BECv10,ESSFmv2,ESSFmv2/01,C4,C4
BECv10,ESSFmv2,ESSFmv2/02,B2,B2
BECv10,ESSFmv2,ESSFmv2/06,D6,D6
BECv10,ESSFmv3,ESSFmv3/01,C4,C4
BECv10,ESSFmv3,ESSFmv3/02,B2,B2
BECv10,ESSFmv3,ESSFmv3/06,D6,D6
BECv10,ESSFmv4,ESSFmv4/01,C4,C4
BECv10,ESSFmv4,ESSFmv4/02,B2,B2
BECv10,ESSFmv4,ESSFmv4/05,D6,D6
BECv10,ESSFmvp,ESSFmvp/00,B2,B2
BECv10,ESSFmvp,ESSFmvp/00,C4,C4
BECv10,ESSFmvp,ESSFmvp/00,D6,D6
BECv10,ESSFmw,ESSFmw/01,C4,C4
BECv10,ESSFmw,ESSFmw/03,B2,B2
BECv10,ESSFmw,ESSFmw/07,D6,D6
USA_2019,ESSFmw_WA,ESSFmw_WA/101,C4,C4
USA_2019,ESSFmw_WA,ESSFmw_WA/103,B2,B2
USA_2019,ESSFmw_WA,ESSFmw_WA/111,D6,D6
BECv10,ESSFmw1,ESSFmw1/01,C4,C4
BECv10,ESSFmw1,ESSFmw1/03,B2,B2
BECv10,ESSFmw1,ESSFmw1/07,D6,D6
BECv10,ESSFmw2,ESSFmw2/01,C4,C4
BECv10,ESSFmw2,ESSFmw2/03,B2,B2
BECv10,ESSFmw2,ESSFmw2/07,D6,D6
BECv10,ESSFmwp,ESSFmwp/00,B2,B2
BECv10,ESSFmwp,ESSFmwp/00,C4,C4
BECv10,ESSFmwp,ESSFmwp/00,D6,D6
USA_2019,ESSFmwp_WA,ESSFmwp_WA/00,B2,B2
USA_2019,ESSFmwp_WA,ESSFmwp_WA/00,C4,C4
USA_2019,ESSFmwp_WA,ESSFmwp_WA/00,D6,D6
BECv10,ESSFmww,ESSFmww/01,C4,C4
BECv10,ESSFmww,ESSFmww/03,B2,B2
BECv10,ESSFmww,ESSFmww/07,D6,D6
BECv10,ESSFun,ESSFun/d,B2,B2
BECv10,ESSFun,ESSFun/h,D6,D6
BECv10,ESSFun,ESSFun/m,C4,C4
BECv10,ESSFunp,ESSFunp/00,B2,B2
BECv10,ESSFunp,ESSFunp/00,C4,C4
BECv10,ESSFunp,ESSFunp/00,D6,D6
BECv10,ESSFvc,ESSFvc/01,C4,C4
BECv10,ESSFvc,ESSFvc/03,B2,B2
BECv10,ESSFvc,ESSFvc/05,D6,D6
BECv10,ESSFvcp,ESSFvcp/00,B2,B2
BECv10,ESSFvcp,ESSFvcp/00,C4,C4
BECv10,ESSFvcp,ESSFvcp/00,D6,D6
BECv10,ESSFvcw,ESSFvcw/01,C4,C4
BECv10,ESSFvcw,ESSFvcw/03,B2,B2
BECv10,ESSFvcw,ESSFvcw/05,D6,D6
USA_2019,ESSFvh_ID,ESSFvh_ID/101,C4,C4
USA_2019,ESSFvh_ID,ESSFvh_ID/103,B2,B2
USA_2019,ESSFvh_ID,ESSFvh_ID/111,D6,D6
BECv10,ESSFwc2,ESSFwc2/01,C4,C4
BECv10,ESSFwc2,ESSFwc2/04,B2,B2
BECv10,ESSFwc2,ESSFwc2/08,D6,D6
BECv10,ESSFwc3,ESSFwc3/01,C4,C4
BECv10,ESSFwc3,ESSFwc3/02,B2,B2
BECv10,ESSFwc3,ESSFwc3/03,D6,D6
BECv10,ESSFwc4,ESSFwc4/101,C4,C4
BECv10,ESSFwc4,ESSFwc4/103,B2,B2
BECv10,ESSFwc4,ESSFwc4/111,D6,D6
BECv10,ESSFwcp,ESSFwcp/00,B2,B2
BECv10,ESSFwcp,ESSFwcp/00,C4,C4
BECv10,ESSFwcp,ESSFwcp/00,D6,D6
BECv10,ESSFwcw,ESSFwcw/101,C4,C4
BECv10,ESSFwcw,ESSFwcw/103,B2,B2
BECv10,ESSFwcw,ESSFwcw/110,D6,D6
USA_2019,ESSFwh_MT,ESSFwh_MT/101,C4,C4
USA_2019,ESSFwh_MT,ESSFwh_MT/102,B2,B2
USA_2019,ESSFwh_MT,ESSFwh_MT/111,D6,D6
BECv10,ESSFwh1,ESSFwh1/101,C4,C4
BECv10,ESSFwh1,ESSFwh1/103,B2,B2
BECv10,ESSFwh1,ESSFwh1/110,D6,D6
BECv10,ESSFwh2,ESSFwh2/101,C4,C4
BECv10,ESSFwh2,ESSFwh2/103,B2,B2
BECv10,ESSFwh2,ESSFwh2/111,D6,D6
BECv10,ESSFwh3,ESSFwh3/101,C4,C4
BECv10,ESSFwh3,ESSFwh3/103,B2,B2
BECv10,ESSFwh3,ESSFwh3/111,D6,D6
BECv10,ESSFwk1,ESSFwk1/01,C4,C4
BECv10,ESSFwk1,ESSFwk1/03,B2,B2
BECv10,ESSFwk1,ESSFwk1/07,D6,D6
BECv10,ESSFwk2,ESSFwk2/01,C4,C4
BECv10,ESSFwk2,ESSFwk2/02,B2,B2
BECv10,ESSFwk2,ESSFwk2/06,D6,D6
USA_2019,ESSFwm_MT,ESSFwm_MT/101,C4,C4
USA_2019,ESSFwm_MT,ESSFwm_MT/103,B2,B2
USA_2019,ESSFwm_MT,ESSFwm_MT/111,D6,D6
BECv11,ESSFwm1,ESSFwm1/101,C4,C4
BECv11,ESSFwm1,ESSFwm1/103,B2,B2
BECv11,ESSFwm1,ESSFwm1/111,D6,D6
BECv10,ESSFwm2,ESSFwm2/101,C4,C4
BECv10,ESSFwm2,ESSFwm2/103,B2,B2
BECv10,ESSFwm2,ESSFwm2/111,D6,D6
BECv10,ESSFwm3,ESSFwm3/101,C4,C4
BECv10,ESSFwm3,ESSFwm3/103,B2,B2
BECv10,ESSFwm3,ESSFwm3/111,D6,D6
BECv10,ESSFwm4,ESSFwm4/101,C4,C4
BECv10,ESSFwm4,ESSFwm4/102,B2,B2
BECv10,ESSFwm4,ESSFwm4/111,D6,D6
BECv10,ESSFwmp,ESSFwmp/00,B2,B2
BECv10,ESSFwmp,ESSFwmp/00,C4,C4
BECv10,ESSFwmp,ESSFwmp/00,D6,D6
USA_2019,ESSFwmp_MT,ESSFwmp_MT/00,B2,B2
USA_2019,ESSFwmp_MT,ESSFwmp_MT/00,C4,C4
USA_2019,ESSFwmp_MT,ESSFwmp_MT/00,D6,D6
BECv10,ESSFwmw,ESSFwmw/101,C4,C4
BECv10,ESSFwmw,ESSFwmw/103,B2,B2
BECv10,ESSFwmw,ESSFwmw/110,D6,D6
BECv10,ESSFwv,ESSFwv/01,C4,C4
BECv10,ESSFwv,ESSFwv/03,B2,B2
BECv10,ESSFwv,ESSFwv/06,D6,D6
BECv10,ESSFwvp,ESSFwvp/00,B2,B2
BECv10,ESSFwvp,ESSFwvp/00,C4,C4
BECv10,ESSFwvp,ESSFwvp/00,D6,D6
USA_2019,ESSFxc_CO,ESSFxc_CO/101,C4,C4
USA_2019,ESSFxc_CO,ESSFxc_CO/103,B2,B2
USA_2019,ESSFxc_CO,ESSFxc_CO/111,D6,D6
USA_2019,ESSFxc_WA,ESSFxc_WA/101,C4,C4
USA_2019,ESSFxc_WA,ESSFxc_WA/103,B2,B2
USA_2019,ESSFxc_WA,ESSFxc_WA/111,D6,D6
BECv10,ESSFxc1,ESSFxc1/01,C4,C4
BECv10,ESSFxc1,ESSFxc1/05,B2,B2
BECv10,ESSFxc1,ESSFxc1/08,D6,D6
BECv10,ESSFxc2,ESSFxc2/01,C4,C4
BECv10,ESSFxc2,ESSFxc2/05,B2,B2
BECv10,ESSFxc2,ESSFxc2/08,D6,D6
BECv10,ESSFxc3,ESSFxc3/01,C4,C4
BECv10,ESSFxc3,ESSFxc3/05,B2,B2
BECv10,ESSFxc3,ESSFxc3/08,D6,D6
BECv10,ESSFxcp,ESSFxcp/00,B2,B2
BECv10,ESSFxcp,ESSFxcp/00,C4,C4
BECv10,ESSFxcp,ESSFxcp/00,D6,D6
USA_2019,ESSFxcp_CO,ESSFxcp_CO/00,B2,B2
USA_2019,ESSFxcp_CO,ESSFxcp_CO/00,C4,C4
USA_2019,ESSFxcp_CO,ESSFxcp_CO/00,D6,D6
USA_2019,ESSFxcp_WA,ESSFxcp_WA/00,B2,B2
USA_2019,ESSFxcp_WA,ESSFxcp_WA/00,C4,C4
USA_2019,ESSFxcp_WA,ESSFxcp_WA/00,D6,D6
BECv10,ESSFxcw,ESSFxcw/01,C4,C4
BECv10,ESSFxcw,ESSFxcw/05,B2,B2
BECv10,ESSFxcw,ESSFxcw/08,D6,D6
USA_2019,ESSFxh_WA,ESSFxh_WA/101,C4,C4
USA_2019,ESSFxh_WA,ESSFxh_WA/103,B2,B2
USA_2019,ESSFxh_WA,ESSFxh_WA/111,D6,D6
USA_2019,ESSFxk_MT,ESSFxk_MT/101,C4,C4
USA_2019,ESSFxk_MT,ESSFxk_MT/103,B2,B2
USA_2019,ESSFxk_MT,ESSFxk_MT/111,D6,D6
USA_2019,ESSFxk_UT,ESSFxk_UT/101,C4,C4
USA_2019,ESSFxk_UT,ESSFxk_UT/103,B2,B2
USA_2019,ESSFxk_UT,ESSFxk_UT/111,D6,D6
USA_2019,ESSFxkp_MT,ESSFxkp_MT/00,B2,B2
USA_2019,ESSFxkp_MT,ESSFxkp_MT/00,C4,C4
USA_2019,ESSFxkp_MT,ESSFxkp_MT/00,D6,D6
USA_2019,ESSFxkp_UT,ESSFxkp_UT/00,B2,B2
USA_2019,ESSFxkp_UT,ESSFxkp_UT/00,C4,C4
USA_2019,ESSFxkp_UT,ESSFxkp_UT/00,D6,D6
BECv10,ESSFxv1,ESSFxv1/01,C4,C4
BECv10,ESSFxv1,ESSFxv1/02,B2,B2
BECv10,ESSFxv1,ESSFxv1/09,D6,D6
BECv10,ESSFxv2,ESSFxv2/01,C4,C4
BECv10,ESSFxv2,ESSFxv2/02,B2,B2
BECv10,ESSFxv2,ESSFxv2/08,D6,D6
BECv10,ESSFxvp,ESSFxvp/00,B2,B2
BECv10,ESSFxvp,ESSFxvp/00,C4,C4
BECv10,ESSFxvp,ESSFxvp/00,D6,D6
BECv10,ESSFxvw,ESSFxvw/01,C4,C4
BECv10,ESSFxvw,ESSFxvw/02,B2,B2
BECv10,ESSFxvw,ESSFxvw/09,D6,D6
USA_2019,ESSFxw_OR,ESSFxw_OR/101,C4,C4
USA_2019,ESSFxw_OR,ESSFxw_OR/103,B2,B2
USA_2019,ESSFxw_OR,ESSFxw_OR/111,D6,D6
USA_2019,ESSFxwp_OR,ESSFxwp_OR/00,B2,B2
USA_2019,ESSFxwp_OR,ESSFxwp_OR/00,C4,C4
USA_2019,ESSFxwp_OR,ESSFxwp_OR/00,D6,D6
AB_2018,FGff,FGff/00,B2,B2
AB_2018,FGff,FGff/00,C4,C4
AB_2018,FGff,FGff/00,D6,D6
AB_2018,FGnf,FGnf/00,B2,B2
AB_2018,FGnf,FGnf/00,C4,C4
AB_2018,FGnf,FGnf/00,D6,D6
USA_2019,GBDdw_UT,GBDdw_UT/111,D6,D6
USA_2019,GBDdw_UT,GBDdw_UT/Gg,B2,B2
USA_2019,GBDdw_UT,GBDdw_UT/Gg,C4,C4
USA_2019,GBDxh_NV,GBDxh_NV/111,D6,D6
USA_2019,GBDxh_NV,GBDxh_NV/Gg,B2,B2
USA_2019,GBDxh_NV,GBDxh_NV/Gs,C4,C4
USA_2019,GBDxx_UT,GBDxx_UT/111,D6,D6
USA_2019,GBDxx_UT,GBDxx_UT/Gg,B2,B2
USA_2019,GBDxx_UT,GBDxx_UT/Gs,C4,C4
USA_2019,GOun_CO,GOun_CO/101,C4,C4
USA_2019,GOun_CO,GOun_CO/102,B2,B2
USA_2019,GOun_CO,GOun_CO/111,D6,D6
USA_2019,ICHdh_ID,ICHdh_ID/101,C4,C4
USA_2019,ICHdh_ID,ICHdh_ID/103,B2,B2
USA_2019,ICHdh_ID,ICHdh_ID/113,D6,D6
BECv10,ICHdk,ICHdk/01,C4,C4
BECv10,ICHdk,ICHdk/02,B2,B2
BECv10,ICHdk,ICHdk/08,D6,D6
BECv10,ICHdm,ICHdm/101,C4,C4
BECv10,ICHdm,ICHdm/102,B2,B2
BECv10,ICHdm,ICHdm/111,D6,D6
USA_2019,ICHdw_ID,ICHdw_ID/101,C4,C4
USA_2019,ICHdw_ID,ICHdw_ID/103,B2,B2
USA_2019,ICHdw_ID,ICHdw_ID/113,D6,D6
BECv10,ICHdw1,ICHdw1/101,C4,C4
BECv10,ICHdw1,ICHdw1/102,B2,B2
BECv10,ICHdw1,ICHdw1/111,D6,D6
BECv10,ICHdw3,ICHdw3/101,C4,C4
BECv10,ICHdw3,ICHdw3/102,B2,B2
BECv10,ICHdw3,ICHdw3/111,D6,D6
BECv10,ICHdw4,ICHdw4/101,C4,C4
BECv10,ICHdw4,ICHdw4/102,B2,B2
BECv10,ICHdw4,ICHdw4/110,D6,D6
BECv10,ICHmc1,ICHmc1/01,C4,C4
BECv10,ICHmc1,ICHmc1/02,B2,B2
BECv10,ICHmc1,ICHmc1/04,D6,D6
BECv10,ICHmc1a,ICHmc1a/01,B2,B2
BECv10,ICHmc1a,ICHmc1a/01,C4,C4
BECv10,ICHmc1a,ICHmc1a/03,D6,D6
BECv10,ICHmc2,ICHmc2/01,C4,C4
BECv10,ICHmc2,ICHmc2/02,B2,B2
BECv10,ICHmc2,ICHmc2/05,D6,D6
USA_2019,ICHmh_MT,ICHmh_MT/101,C4,C4
USA_2019,ICHmh_MT,ICHmh_MT/103,B2,B2
USA_2019,ICHmh_MT,ICHmh_MT/113,D6,D6
BECv10,ICHmk1,ICHmk1/01,C4,C4
BECv10,ICHmk1,ICHmk1/03,B2,B2
BECv10,ICHmk1,ICHmk1/06,D6,D6
BECv10,ICHmk2,ICHmk2/01,C4,C4
BECv10,ICHmk2,ICHmk2/03,B2,B2
BECv10,ICHmk2,ICHmk2/05,D6,D6
BECv10,ICHmk3,ICHmk3/01,C4,C4
BECv10,ICHmk3,ICHmk3/03,B2,B2
BECv10,ICHmk3,ICHmk3/06,D6,D6
BECv11,ICHmk4,ICHmk4/101,C4,C4
BECv11,ICHmk4,ICHmk4/102,B2,B2
BECv11,ICHmk4,ICHmk4/111,D6,D6
BECv11,ICHmk5,ICHmk5/101,C4,C4
BECv11,ICHmk5,ICHmk5/103,B2,B2
BECv11,ICHmk5,ICHmk5/110,D6,D6
BECv10,ICHmm,ICHmm/01,C4,C4
BECv10,ICHmm,ICHmm/03,B2,B2
BECv10,ICHmm,ICHmm/05,D6,D6
USA_2019,ICHmw_MT,ICHmw_MT/101,C4,C4
USA_2019,ICHmw_MT,ICHmw_MT/103,B2,B2
USA_2019,ICHmw_MT,ICHmw_MT/113,D6,D6
BECv10,ICHmw1,ICHmw1/01,C4,C4
BECv10,ICHmw1,ICHmw1/03,B2,B2
BECv10,ICHmw1,ICHmw1/07,D6,D6
BECv10,ICHmw2,ICHmw2/101,C4,C4
BECv10,ICHmw2,ICHmw2/103,B2,B2
BECv10,ICHmw2,ICHmw2/111,D6,D6
BECv10,ICHmw3,ICHmw3/01,C4,C4
BECv10,ICHmw3,ICHmw3/03,B2,B2
BECv10,ICHmw3,ICHmw3/07,D6,D6
BECv10,ICHmw4,ICHmw4/101,C4,C4
BECv10,ICHmw4,ICHmw4/103,B2,B2
BECv10,ICHmw4,ICHmw4/112,D6,D6
BECv10,ICHmw5,ICHmw5/101,C4,C4
BECv10,ICHmw5,ICHmw5/103,B2,B2
BECv10,ICHmw5,ICHmw5/111,D6,D6
BECv10,ICHvc,ICHvc/01,C4,C4
BECv10,ICHvc,ICHvc/02,B2,B2
BECv10,ICHvc,ICHvc/04,D6,D6
USA_2019,ICHvk_ID,ICHvk_ID/101,C4,C4
USA_2019,ICHvk_ID,ICHvk_ID/103,B2,B2
USA_2019,ICHvk_ID,ICHvk_ID/113,D6,D6
BECv10,ICHvk1,ICHvk1/01,C4,C4
BECv10,ICHvk1,ICHvk1/03,B2,B2
BECv10,ICHvk1,ICHvk1/05,D6,D6
BECv10,ICHvk2,ICHvk2/01,C4,C4
BECv10,ICHvk2,ICHvk2/03,B2,B2
BECv10,ICHvk2,ICHvk2/05,D6,D6
BECv10,ICHwc,ICHwc/01,C4,C4
BECv10,ICHwc,ICHwc/02,B2,B2
BECv10,ICHwc,ICHwc/08,D6,D6
BECv10,ICHwk1,ICHwk1/01,C4,C4
BECv10,ICHwk1,ICHwk1/02,B2,B2
BECv10,ICHwk1,ICHwk1/06,D6,D6
BECv10,ICHwk2,ICHwk2/01,C4,C4
BECv10,ICHwk2,ICHwk2/02,B2,B2
BECv10,ICHwk2,ICHwk2/08,D6,D6
BECv10,ICHwk3,ICHwk3/01,C4,C4
BECv10,ICHwk3,ICHwk3/03,B2,B2
BECv10,ICHwk3,ICHwk3/06,D6,D6
BECv10,ICHwk4,ICHwk4/01,C4,C4
BECv10,ICHwk4,ICHwk4/02,B2,B2
BECv10,ICHwk4,ICHwk4/08,D6,D6
BECv10,ICHxw,ICHxw/101,C4,C4
BECv10,ICHxw,ICHxw/103,B2,B2
BECv10,ICHxw,ICHxw/111,D6,D6
USA_2019,ICHxw_WA,ICHxw_WA/101,C4,C4
USA_2019,ICHxw_WA,ICHxw_WA/103,B2,B2
USA_2019,ICHxw_WA,ICHxw_WA/113,D6,D6
BECv10,ICHxwa,ICHxwa/101,C4,C4
BECv10,ICHxwa,ICHxwa/103,B2,B2
BECv10,ICHxwa,ICHxwa/111,D6,D6
BECv10,IDFdc,IDFdc/01,C4,C4
BECv10,IDFdc,IDFdc/03,B2,B2
BECv10,IDFdc,IDFdc/06,D6,D6
USA_2019,IDFdh_MT,IDFdh_MT/101,C4,C4
USA_2019,IDFdh_MT,IDFdh_MT/103,B2,B2
USA_2019,IDFdh_MT,IDFdh_MT/113,D6,D6
USA_2019,IDFdh_UT,IDFdh_UT/101,C4,C4
USA_2019,IDFdh_UT,IDFdh_UT/102,B2,B2
USA_2019,IDFdh_UT,IDFdh_UT/113,D6,D6
USA_2019,IDFdh_WA,IDFdh_WA/101,C4,C4
USA_2019,IDFdh_WA,IDFdh_WA/103,B2,B2
USA_2019,IDFdh_WA,IDFdh_WA/113,D6,D6
USA_2019,IDFdk_MT,IDFdk_MT/101,C4,C4
USA_2019,IDFdk_MT,IDFdk_MT/103,B2,B2
USA_2019,IDFdk_MT,IDFdk_MT/113,D6,D6
USA_2019,IDFdk_WA,IDFdk_WA/101,C4,C4
USA_2019,IDFdk_WA,IDFdk_WA/103,B2,B2
USA_2019,IDFdk_WA,IDFdk_WA/113,D6,D6
BECv10,IDFdk1,IDFdk1/01,C4,C4
BECv10,IDFdk1,IDFdk1/03,B2,B2
BECv10,IDFdk1,IDFdk1/06,D6,D6
BECv10,IDFdk2,IDFdk2/01,C4,C4
BECv10,IDFdk2,IDFdk2/03,B2,B2
BECv10,IDFdk2,IDFdk2/06,D6,D6
BECv10,IDFdk3,IDFdk3/01,C4,C4
BECv10,IDFdk3,IDFdk3/05,B2,B2
BECv10,IDFdk3,IDFdk3/09,D6,D6
BECv10,IDFdk4,IDFdk4/01,C4,C4
BECv10,IDFdk4,IDFdk4/03,B2,B2
BECv10,IDFdk4,IDFdk4/10,D6,D6
BECv11,IDFdk5,IDFdk5/101,C4,C4
BECv11,IDFdk5,IDFdk5/103,B2,B2
BECv11,IDFdk5,IDFdk5/110,D6,D6
USA_2019,IDFdm_MT,IDFdm_MT/101,C4,C4
USA_2019,IDFdm_MT,IDFdm_MT/103,B2,B2
USA_2019,IDFdm_MT,IDFdm_MT/113,D6,D6
USA_2019,IDFdm_WA,IDFdm_WA/101,C4,C4
USA_2019,IDFdm_WA,IDFdm_WA/103,B2,B2
USA_2019,IDFdm_WA,IDFdm_WA/113,D6,D6
BECv10,IDFdm1,IDFdm1/01,C4,C4
BECv10,IDFdm1,IDFdm1/03,B2,B2
BECv10,IDFdm1,IDFdm1/06,D6,D6
BECv11,IDFdm2,IDFdm2/101,C4,C4
BECv11,IDFdm2,IDFdm2/103,B2,B2
BECv11,IDFdm2,IDFdm2/111,D6,D6
BECv10,IDFdw,IDFdw/01,C4,C4
BECv10,IDFdw,IDFdw/d,B2,B2
BECv10,IDFdw,IDFdw/h,D6,D6
USA_2019,IDFdx_MT,IDFdx_MT/101,C4,C4
USA_2019,IDFdx_MT,IDFdx_MT/102,B2,B2
USA_2019,IDFdx_MT,IDFdx_MT/113,D6,D6
BECv10,IDFmw1,IDFmw1/01,C4,C4
BECv10,IDFmw1,IDFmw1/03,B2,B2
BECv10,IDFmw1,IDFmw1/06,D6,D6
BECv10,IDFmw2,IDFmw2/01,C4,C4
BECv10,IDFmw2,IDFmw2/03,B2,B2
BECv10,IDFmw2,IDFmw2/04,D6,D6
BECv10,IDFww,IDFww/01,C4,C4
BECv10,IDFww,IDFww/03,B2,B2
BECv10,IDFww,IDFww/06,D6,D6
BECv10,IDFww1,IDFww1/01,C4,C4
BECv10,IDFww1,IDFww1/03,B2,B2
BECv10,IDFww1,IDFww1/06,D6,D6
BECv10,IDFxc,IDFxc/01,C4,C4
BECv10,IDFxc,IDFxc/03,B2,B2
BECv10,IDFxc,IDFxc/08,D6,D6
USA_2019,IDFxh_ID,IDFxh_ID/101,C4,C4
USA_2019,IDFxh_ID,IDFxh_ID/102,B2,B2
USA_2019,IDFxh_ID,IDFxh_ID/113,D6,D6
USA_2019,IDFxh_WA,IDFxh_WA/101,C4,C4
USA_2019,IDFxh_WA,IDFxh_WA/103,B2,B2
USA_2019,IDFxh_WA,IDFxh_WA/113,D6,D6
BECv10,IDFxh1,IDFxh1/01,C4,C4
BECv10,IDFxh1,IDFxh1/04,B2,B2
BECv10,IDFxh1,IDFxh1/08,D6,D6
BECv10,IDFxh2,IDFxh2/01,C4,C4
BECv10,IDFxh2,IDFxh2/04,B2,B2
BECv10,IDFxh2,IDFxh2/08,D6,D6
BECv10,IDFxh4,IDFxh4/01,C4,C4
BECv10,IDFxh4,IDFxh4/04,B2,B2
BECv10,IDFxh4,IDFxh4/08,D6,D6
BECv11,IDFxk,IDFxk/101,C4,C4
BECv11,IDFxk,IDFxk/102,B2,B2
BECv11,IDFxk,IDFxk/112,D6,D6
BECv10,IDFxm,IDFxm/01,C4,C4
BECv10,IDFxm,IDFxm/02,B2,B2
BECv10,IDFxm,IDFxm/08,D6,D6
USA_2019,IDFxm_CO,IDFxm_CO/101,C4,C4
USA_2019,IDFxm_CO,IDFxm_CO/102,B2,B2
USA_2019,IDFxm_CO,IDFxm_CO/113,D6,D6
BECv10,IDFxw,IDFxw/01,C4,C4
BECv10,IDFxw,IDFxw/03,B2,B2
BECv10,IDFxw,IDFxw/07,D6,D6
USA_2019,IDFxx_MT,IDFxx_MT/101,C4,C4
USA_2019,IDFxx_MT,IDFxx_MT/113,D6,D6
USA_2019,IDFxx_MT,IDFxx_MT/Gg,B2,B2
USA_2019,IDFxx_WA,IDFxx_WA/101,C4,C4
USA_2019,IDFxx_WA,IDFxx_WA/103,B2,B2
USA_2019,IDFxx_WA,IDFxx_WA/113,D6,D6
BECv11,IDFxx1,IDFxx1/01,C4,C4
BECv11,IDFxx1,IDFxx1/03,B2,B2
BECv11,IDFxx1,IDFxx1/06,D6,D6
BECv11,IDFxx2,IDFxx2/101,C4,C4
BECv11,IDFxx2,IDFxx2/103,B2,B2
BECv11,IDFxx2,IDFxx2/112,D6,D6
USA_2019,IGFdk_WA,IGFdk_WA/101,C4,C4
USA_2019,IGFdk_WA,IGFdk_WA/103,B2,B2
USA_2019,IGFdk_WA,IGFdk_WA/113,D6,D6
USA_2019,IGFdw_OR,IGFdw_OR/101,C4,C4
USA_2019,IGFdw_OR,IGFdw_OR/103,B2,B2
USA_2019,IGFdw_OR,IGFdw_OR/113,D6,D6
USA_2019,IGFmm_OR,IGFmm_OR/101,C4,C4
USA_2019,IGFmm_OR,IGFmm_OR/103,B2,B2
USA_2019,IGFmm_OR,IGFmm_OR/113,D6,D6
AB_2018,IMAab,IMAab/00,B2,B2
AB_2018,IMAab,IMAab/00,C4,C4
AB_2018,IMAab,IMAab/00,D6,D6
BECv10,IMAun,IMAun/00,B2,B2
BECv10,IMAun,IMAun/00,C4,C4
BECv10,IMAun,IMAun/00,D6,D6
USA_2019,IMAun_CO,IMAun_CO/00,B2,B2
USA_2019,IMAun_CO,IMAun_CO/00,C4,C4
USA_2019,IMAun_CO,IMAun_CO/00,D6,D6
USA_2019,IMAun_MT,IMAun_MT/00,B2,B2
USA_2019,IMAun_MT,IMAun_MT/00,C4,C4
USA_2019,IMAun_MT,IMAun_MT/00,D6,D6
USA_2019,IMAun_WA,IMAun_WA/00,B2,B2
USA_2019,IMAun_WA,IMAun_WA/00,C4,C4
USA_2019,IMAun_WA,IMAun_WA/00,D6,D6
USA_2019,IMAun_WY,IMAun_WY/00,B2,B2
USA_2019,IMAun_WY,IMAun_WY/00,C4,C4
USA_2019,IMAun_WY,IMAun_WY/00,D6,D6
BECv10,IMAunp,IMAunp/00,B2,B2
BECv10,IMAunp,IMAunp/00,C4,C4
BECv10,IMAunp,IMAunp/00,D6,D6
USA_2019,IWFdm_CO,IWFdm_CO/101,C4,C4
USA_2019,IWFdm_CO,IWFdm_CO/102,B2,B2
USA_2019,IWFdm_CO,IWFdm_CO/113,D6,D6
USA_2019,IWFdw_OR,IWFdw_OR/101,C4,C4
USA_2019,IWFdw_OR,IWFdw_OR/103,B2,B2
USA_2019,IWFdw_OR,IWFdw_OR/113,D6,D6
USA_2019,IWFxk_NV,IWFxk_NV/101,C4,C4
USA_2019,IWFxk_NV,IWFxk_NV/103,B2,B2
USA_2019,IWFxk_NV,IWFxk_NV/111,D6,D6
USA_2019,IWFxm_CA,IWFxm_CA/101,C4,C4
USA_2019,IWFxm_CA,IWFxm_CA/103,B2,B2
USA_2019,IWFxm_CA,IWFxm_CA/112,D6,D6
USA_2019,JPWdm_WY,JPWdm_WY/101,C4,C4
USA_2019,JPWdm_WY,JPWdm_WY/113,D6,D6
USA_2019,JPWdm_WY,JPWdm_WY/Gg,B2,B2
USA_2019,JPWdw_UT,JPWdw_UT/101,C4,C4
USA_2019,JPWdw_UT,JPWdw_UT/103,B2,B2
USA_2019,JPWdw_UT,JPWdw_UT/113,D6,D6
USA_2019,JPWmk_WY,JPWmk_WY/101,C4,C4
USA_2019,JPWmk_WY,JPWmk_WY/103,B2,B2
USA_2019,JPWmk_WY,JPWmk_WY/113,D6,D6
USA_2019,JPWwm_CO,JPWwm_CO/101,C4,C4
USA_2019,JPWwm_CO,JPWwm_CO/103,B2,B2
USA_2019,JPWwm_CO,JPWwm_CO/113,D6,D6
USA_2019,JPWxh_CA,JPWxh_CA/101,C4,C4
USA_2019,JPWxh_CA,JPWxh_CA/103,B2,B2
USA_2019,JPWxh_CA,JPWxh_CA/111,D6,D6
USA_2019,JPWxw_NV,JPWxw_NV/101,C4,C4
USA_2019,JPWxw_NV,JPWxw_NV/103,B2,B2
USA_2019,JPWxw_NV,JPWxw_NV/113,D6,D6
USA_2019,MDCHun_NV,MDCHun_NV/110,D6,D6
USA_2019,MDCHun_NV,MDCHun_NV/Gg,B2,B2
USA_2019,MDCHun_NV,MDCHun_NV/Gg,C4,C4
AB_2018,MGPdm,MGPdm/00,B2,B2
AB_2018,MGPdm,MGPdm/00,C4,C4
AB_2018,MGPdm,MGPdm/00,D6,D6
AB_2018,MGPmg,MGPmg/00,B2,B2
AB_2018,MGPmg,MGPmg/00,C4,C4
AB_2018,MGPmg,MGPmg/00,D6,D6
USA_2019,MGPmw_MT,MGPmw_MT/111,D6,D6
USA_2019,MGPmw_MT,MGPmw_MT/Gg,B2,B2
USA_2019,MGPmw_MT,MGPmw_MT/Gg,C4,C4
USA_2019,MHdm_OR,MHdm_OR/101,C4,C4
USA_2019,MHdm_OR,MHdm_OR/103,B2,B2
USA_2019,MHdm_OR,MHdm_OR/113,D6,D6
USA_2019,MHds_OR,MHds_OR/101,C4,C4
USA_2019,MHds_OR,MHds_OR/103,B2,B2
USA_2019,MHds_OR,MHds_OR/113,D6,D6
USA_2019,MHmm_WA,MHmm_WA/101,C4,C4
USA_2019,MHmm_WA,MHmm_WA/102,B2,B2
USA_2019,MHmm_WA,MHmm_WA/113,D6,D6
BECv10,MHmm1,MHmm1/01,B2,B2
BECv10,MHmm1,MHmm1/01,C4,C4
BECv10,MHmm1,MHmm1/07,D6,D6
BECv10,MHmm2,MHmm2/01,B2,B2
BECv10,MHmm2,MHmm2/01,C4,C4
BECv10,MHmm2,MHmm2/07,D6,D6
BECv10,MHmmp,MHmmp/d,B2,B2
BECv10,MHmmp,MHmmp/h,D6,D6
BECv10,MHmmp,MHmmp/m,C4,C4
USA_2019,MHmmp_WA,MHmmp_WA/00,B2,B2
USA_2019,MHmmp_WA,MHmmp_WA/00,C4,C4
USA_2019,MHmmp_WA,MHmmp_WA/00,D6,D6
USA_2019,MHms_WA,MHms_WA/101,C4,C4
USA_2019,MHms_WA,MHms_WA/103,B2,B2
USA_2019,MHms_WA,MHms_WA/113,D6,D6
USA_2019,MHmsp_WA,MHmsp_WA/00,B2,B2
USA_2019,MHmsp_WA,MHmsp_WA/00,C4,C4
USA_2019,MHmsp_WA,MHmsp_WA/00,D6,D6
USA_2019,MHRFdm_OR,MHRFdm_OR/101,C4,C4
USA_2019,MHRFdm_OR,MHRFdm_OR/102,B2,B2
USA_2019,MHRFdm_OR,MHRFdm_OR/110,D6,D6
USA_2019,MHRFds_CA,MHRFds_CA/101,C4,C4
USA_2019,MHRFds_CA,MHRFds_CA/102,B2,B2
USA_2019,MHRFds_CA,MHRFds_CA/110,D6,D6
USA_2019,MHRFdsp_CA,MHRFdsp_CA/00,B2,B2
USA_2019,MHRFdsp_CA,MHRFdsp_CA/00,C4,C4
USA_2019,MHRFdsp_CA,MHRFdsp_CA/00,D6,D6
USA_2019,MHRFmm_OR,MHRFmm_OR/101,C4,C4
USA_2019,MHRFmm_OR,MHRFmm_OR/102,B2,B2
USA_2019,MHRFmm_OR,MHRFmm_OR/110,D6,D6
USA_2019,MHRFmmp_OR,MHRFmmp_OR/00,B2,B2
USA_2019,MHRFmmp_OR,MHRFmmp_OR/00,C4,C4
USA_2019,MHRFmmp_OR,MHRFmmp_OR/00,D6,D6
BECv10,MHun,MHun/d,B2,B2
BECv10,MHun,MHun/h,D6,D6
BECv10,MHun,MHun/m,C4,C4
BECv10,MHunp,MHunp/00,B2,B2
BECv10,MHunp,MHunp/00,C4,C4
BECv10,MHunp,MHunp/00,D6,D6
BECv10,MHwh,MHwh/101,B2,B2
BECv10,MHwh,MHwh/101,C4,C4
BECv10,MHwh,MHwh/111,D6,D6
BECv10,MHwh1,MHwh1/01,B2,B2
BECv10,MHwh1,MHwh1/01,C4,C4
BECv10,MHwh1,MHwh1/07,D6,D6
BECv10,MHwhp,MHwhp/00,B2,B2
BECv10,MHwhp,MHwhp/00,C4,C4
BECv10,MHwhp,MHwhp/00,D6,D6
AB_2018,MSab,MSab/a,B2,B2
AB_2018,MSab,MSab/c,C4,C4
AB_2018,MSab,MSab/f,D6,D6
BECv10,MSdc1,MSdc1/01,C4,C4
BECv10,MSdc1,MSdc1/03,B2,B2
BECv10,MSdc1,MSdc1/04,D6,D6
BECv10,MSdc2,MSdc2/01,C4,C4
BECv10,MSdc2,MSdc2/03,B2,B2
BECv10,MSdc2,MSdc2/08,D6,D6
BECv10,MSdc3,MSdc3/01,C4,C4
BECv10,MSdc3,MSdc3/03,B2,B2
BECv10,MSdc3,MSdc3/04,D6,D6
USA_2019,MSdh_UT,MSdh_UT/101,C4,C4
USA_2019,MSdh_UT,MSdh_UT/103,B2,B2
USA_2019,MSdh_UT,MSdh_UT/111,D6,D6
USA_2019,MSdh_WY,MSdh_WY/101,C4,C4
USA_2019,MSdh_WY,MSdh_WY/103,B2,B2
USA_2019,MSdh_WY,MSdh_WY/113,D6,D6
BECv11,MSdk,MSdk/101,C4,C4
BECv11,MSdk,MSdk/102,B2,B2
BECv11,MSdk,MSdk/111,D6,D6
USA_2019,MSdk_CO,MSdk_CO/101,C4,C4
USA_2019,MSdk_CO,MSdk_CO/103,B2,B2
USA_2019,MSdk_CO,MSdk_CO/113,D6,D6
USA_2019,MSdm_WA,MSdm_WA/101,C4,C4
USA_2019,MSdm_WA,MSdm_WA/103,B2,B2
USA_2019,MSdm_WA,MSdm_WA/113,D6,D6
BECv10,MSdm1,MSdm1/01,C4,C4
BECv10,MSdm1,MSdm1/03,B2,B2
BECv10,MSdm1,MSdm1/06,D6,D6
BECv10,MSdm2,MSdm2/01,C4,C4
BECv10,MSdm2,MSdm2/03,B2,B2
BECv10,MSdm2,MSdm2/06,D6,D6
BECv10,MSdm3,MSdm3/01,C4,C4
BECv10,MSdm3,MSdm3/03,B2,B2
BECv10,MSdm3,MSdm3/06,D6,D6
BECv10,MSdv,MSdv/01,C4,C4
BECv10,MSdv,MSdv/02,B2,B2
BECv10,MSdv,MSdv/09,D6,D6
BECv11,MSdw,MSdw/101,C4,C4
BECv11,MSdw,MSdw/103,B2,B2
BECv11,MSdw,MSdw/111,D6,D6
USA_2019,MSdw_MT,MSdw_MT/101,C4,C4
USA_2019,MSdw_MT,MSdw_MT/103,B2,B2
USA_2019,MSdw_MT,MSdw_MT/113,D6,D6
USA_2019,MSmm_ID,MSmm_ID/101,C4,C4
USA_2019,MSmm_ID,MSmm_ID/103,B2,B2
USA_2019,MSmm_ID,MSmm_ID/113,D6,D6
BECv10,MSmw1,MSmw1/01,C4,C4
BECv10,MSmw1,MSmw1/03,B2,B2
BECv10,MSmw1,MSmw1/06,D6,D6
BECv10,MSmw2,MSmw2/01,C4,C4
BECv10,MSmw2,MSmw2/03,B2,B2
BECv10,MSmw2,MSmw2/06,D6,D6
USA_2019,MSSDun_NV,MSSDun_NV/111,D6,D6
USA_2019,MSSDun_NV,MSSDun_NV/Gg,B2,B2
USA_2019,MSSDun_NV,MSSDun_NV/Gg,C4,C4
USA_2019,MSxh_OR,MSxh_OR/101,C4,C4
USA_2019,MSxh_OR,MSxh_OR/103,B2,B2
USA_2019,MSxh_OR,MSxh_OR/113,D6,D6
USA_2019,MSxk_WA,MSxk_WA/101,C4,C4
USA_2019,MSxk_WA,MSxk_WA/103,B2,B2
USA_2019,MSxk_WA,MSxk_WA/113,D6,D6
BECv10,MSxk1,MSxk1/01,C4,C4
BECv10,MSxk1,MSxk1/02,B2,B2
BECv10,MSxk1,MSxk1/08,D6,D6
BECv10,MSxk2,MSxk2/01,C4,C4
BECv10,MSxk2,MSxk2/02,B2,B2
BECv10,MSxk2,MSxk2/08,D6,D6
BECv10,MSxk3,MSxk3/01,C4,C4
BECv10,MSxk3,MSxk3/02,B2,B2
BECv10,MSxk3,MSxk3/08,D6,D6
USA_2019,MSxm_CO,MSxm_CO/101,C4,C4
USA_2019,MSxm_CO,MSxm_CO/103,B2,B2
USA_2019,MSxm_CO,MSxm_CO/113,D6,D6
BECv10,MSxv,MSxv/01,C4,C4
BECv10,MSxv,MSxv/02,B2,B2
BECv10,MSxv,MSxv/08,D6,D6
USA_2019,MSxx_NV,MSxx_NV/101,C4,C4
USA_2019,MSxx_NV,MSxx_NV/103,B2,B2
USA_2019,MSxx_NV,MSxx_NV/111,D6,D6
USA_2019,OWun_CA,OWun_CA/101,C4,C4
USA_2019,OWun_CA,OWun_CA/103,B2,B2
USA_2019,OWun_CA,OWun_CA/111,D6,D6
USA_2019,PPmx_WY,PPmx_WY/101,C4,C4
USA_2019,PPmx_WY,PPmx_WY/102,B2,B2
USA_2019,PPmx_WY,PPmx_WY/113,D6,D6
USA_2019,PPxh_CO,PPxh_CO/101,C4,C4
USA_2019,PPxh_CO,PPxh_CO/102,B2,B2
USA_2019,PPxh_CO,PPxh_CO/113,D6,D6
USA_2019,PPxh_WA,PPxh_WA/101,C4,C4
USA_2019,PPxh_WA,PPxh_WA/102,B2,B2
USA_2019,PPxh_WA,PPxh_WA/113,D6,D6
BECv10,PPxh1,PPxh1/01,C4,C4
BECv10,PPxh1,PPxh1/03,B2,B2
BECv10,PPxh1,PPxh1/08,D6,D6
BECv10,PPxh2,PPxh2/01,C4,C4
BECv10,PPxh2,PPxh2/03,B2,B2
BECv10,PPxh2,PPxh2/07,D6,D6
BECv10,PPxh3,PPxh3/01,C4,C4
BECv10,PPxh3,PPxh3/03,B2,B2
BECv10,PPxh3,PPxh3/06,D6,D6
USA_2019,PPxk_OR,PPxk_OR/101,C4,C4
USA_2019,PPxk_OR,PPxk_OR/102,B2,B2
USA_2019,PPxk_OR,PPxk_OR/113,D6,D6
USA_2019,PPxm_OR,PPxm_OR/101,C4,C4
USA_2019,PPxm_OR,PPxm_OR/113,D6,D6
USA_2019,PPxm_OR,PPxm_OR/Gg,B2,B2
USA_2019,PPxw_MT,PPxw_MT/101,C4,C4
USA_2019,PPxw_MT,PPxw_MT/102,B2,B2
USA_2019,PPxw_MT,PPxw_MT/113,D6,D6
USA_2019,PPxx_OR,PPxx_OR/101,C4,C4
USA_2019,PPxx_OR,PPxx_OR/102,B2,B2
USA_2019,PPxx_OR,PPxx_OR/113,D6,D6
AB_2018,SASbo,SASbo/a,B2,B2
AB_2018,SASbo,SASbo/c,C4,C4
AB_2018,SASbo,SASbo/d,D6,D6
AB_2018,SBAPcp,SBAPcp/d,B2,B2
AB_2018,SBAPcp,SBAPcp/h,D6,D6
AB_2018,SBAPcp,SBAPcp/m,C4,C4
AB_2018,SBAPfp,SBAPfp/d,B2,B2
AB_2018,SBAPfp,SBAPfp/h,D6,D6
AB_2018,SBAPfp,SBAPfp/m,C4,C4
BECv10,SBPSdc,SBPSdc/01,C4,C4
BECv10,SBPSdc,SBPSdc/02,B2,B2
BECv10,SBPSdc,SBPSdc/06,D6,D6
BECv10,SBPSmc,SBPSmc/01,C4,C4
BECv10,SBPSmc,SBPSmc/02,B2,B2
BECv10,SBPSmc,SBPSmc/05,D6,D6
BECv10,SBPSmk,SBPSmk/01,C4,C4
BECv10,SBPSmk,SBPSmk/03,B2,B2
BECv10,SBPSmk,SBPSmk/07,D6,D6
BECv10,SBPSxc,SBPSxc/01,C4,C4
BECv10,SBPSxc,SBPSxc/02,B2,B2
BECv10,SBPSxc,SBPSxc/06,D6,D6
BECv10,SBSdh1,SBSdh1/01,C4,C4
BECv10,SBSdh1,SBSdh1/02,B2,B2
BECv10,SBSdh1,SBSdh1/07,D6,D6
BECv10,SBSdh2,SBSdh2/01,C4,C4
BECv10,SBSdh2,SBSdh2/02,B2,B2
BECv10,SBSdh2,SBSdh2/07,D6,D6
BECv10,SBSdk,SBSdk/01,C4,C4
BECv10,SBSdk,SBSdk/03,B2,B2
BECv10,SBSdk,SBSdk/07,D6,D6
BECv10,SBSdw1,SBSdw1/01,C4,C4
BECv10,SBSdw1,SBSdw1/03,B2,B2
BECv10,SBSdw1,SBSdw1/09,D6,D6
BECv10,SBSdw2,SBSdw2/01,C4,C4
BECv10,SBSdw2,SBSdw2/03,B2,B2
BECv10,SBSdw2,SBSdw2/09,D6,D6
BECv10,SBSdw3,SBSdw3/01,C4,C4
BECv10,SBSdw3,SBSdw3/02,B2,B2
BECv10,SBSdw3,SBSdw3/08,D6,D6
BECv10,SBSmc1,SBSmc1/01,C4,C4
BECv10,SBSmc1,SBSmc1/02,B2,B2
BECv10,SBSmc1,SBSmc1/08,D6,D6
BECv10,SBSmc2,SBSmc2/01,C4,C4
BECv10,SBSmc2,SBSmc2/02,B2,B2
BECv10,SBSmc2,SBSmc2/09,D6,D6
BECv10,SBSmc3,SBSmc3/01,C4,C4
BECv10,SBSmc3,SBSmc3/03,B2,B2
BECv10,SBSmc3,SBSmc3/08,D6,D6
BECv10,SBSmh,SBSmh/01,C4,C4
BECv10,SBSmh,SBSmh/03,B2,B2
BECv10,SBSmh,SBSmh/07,D6,D6
BECv10,SBSmk1,SBSmk1/01,C4,C4
BECv10,SBSmk1,SBSmk1/04,B2,B2
BECv10,SBSmk1,SBSmk1/08,D6,D6
BECv10,SBSmk2,SBSmk2/01,C4,C4
BECv10,SBSmk2,SBSmk2/02,B2,B2
BECv10,SBSmk2,SBSmk2/06,D6,D6
BECv10,SBSmm,SBSmm/01,C4,C4
BECv10,SBSmm,SBSmm/02,B2,B2
BECv10,SBSmm,SBSmm/08,D6,D6
BECv10,SBSmw,SBSmw/01,C4,C4
BECv10,SBSmw,SBSmw/03,B2,B2
BECv10,SBSmw,SBSmw/08,D6,D6
BECv10,SBSun,SBSun/d,B2,B2
BECv10,SBSun,SBSun/h,D6,D6
BECv10,SBSun,SBSun/m,C4,C4
BECv10,SBSvk,SBSvk/01,C4,C4
BECv10,SBSvk,SBSvk/02,B2,B2
BECv10,SBSvk,SBSvk/07,D6,D6
BECv10,SBSwk1,SBSwk1/01,C4,C4
BECv10,SBSwk1,SBSwk1/03,B2,B2
BECv10,SBSwk1,SBSwk1/09,D6,D6
BECv10,SBSwk2,SBSwk2/01,C4,C4
BECv10,SBSwk2,SBSwk2/02,B2,B2
BECv10,SBSwk2,SBSwk2/06,D6,D6
BECv10,SBSwk3,SBSwk3/01,C4,C4
BECv10,SBSwk3,SBSwk3/02,B2,B2
BECv10,SBSwk3,SBSwk3/08,D6,D6
BECv10,SBSwk3a,SBSwk3a/01,C4,C4
BECv10,SBSwk3a,SBSwk3a/02,B2,B2
BECv10,SBSwk3a,SBSwk3a/07,D6,D6
USA_2019,SGPdm_CO,SGPdm_CO/111,D6,D6
USA_2019,SGPdm_CO,SGPdm_CO/Gg,B2,B2
USA_2019,SGPdm_CO,SGPdm_CO/Gg,C4,C4
BECv10,SWBmk,SWBmk/01,C4,C4
BECv10,SWBmk,SWBmk/02,B2,B2
BECv10,SWBmk,SWBmk/08,D6,D6
BECv10,SWBmks,SWBmks/00,B2,B2
BECv10,SWBmks,SWBmks/00,C4,C4
BECv10,SWBmks,SWBmks/00,D6,D6
BECv10,SWBun,SWBun/d,B2,B2
BECv10,SWBun,SWBun/h,D6,D6
BECv10,SWBun,SWBun/m,C4,C4
BECv10,SWBuns,SWBuns/00,B2,B2
BECv10,SWBuns,SWBuns/00,C4,C4
BECv10,SWBuns,SWBuns/00,D6,D6
BECv10,SWBvk,SWBvk/d,B2,B2
BECv10,SWBvk,SWBvk/h,D6,D6
BECv10,SWBvk,SWBvk/m,C4,C4
BECv10,SWBvks,SWBvks/00,B2,B2
BECv10,SWBvks,SWBvks/00,C4,C4
BECv10,SWBvks,SWBvks/00,D6,D6
USA_2019,WJPxm_OR,WJPxm_OR/101,C4,C4
USA_2019,WJPxm_OR,WJPxm_OR/103,B2,B2
USA_2019,WJPxm_OR,WJPxm_OR/111,D6,D6
